filename,width,height,class,xmin,ymin,xmax,ymax
avante_1.jpg,1170,534,avante,239,44,936,498
avante_10.jpg,640,480,avante,128,103,513,349
avante_100.jpg,1200,420,avante,335,155,877,358
avante_101.jpg,576,768,avante,17,140,555,550
avante_102.jpg,1200,800,avante,236,289,1020,674
avante_103.jpg,1024,768,avante,34,70,1024,663
avante_104.jpg,1919,1079,avante,304,378,1678,1001
avante_105.jpg,1080,810,avante,70,290,1045,699
avante_106.jpg,690,460,avante,118,188,646,394
avante_107.jpg,1024,768,avante,75,90,981,663
avante_108.jpg,700,394,avante,85,53,587,386
avante_109.jpg,630,369,avante,41,32,614,328
avante_11.jpg,530,353,avante,141,123,494,270
avante_110.jpg,390,236,avante,37,49,365,201
avante_111.jpg,486,273,avante,18,39,444,261
avante_112.jpg,960,615,avante,155,163,836,399
avante_114.jpg,690,460,avante,279,166,550,322
avante_115.jpg,1050,628,avante,376,266,1026,552
avante_116.jpg,1920,1080,avante,213,153,1766,986
avante_117.jpg,720,405,avante,172,159,720,405
avante_118.jpg,750,500,avante,79,169,620,373
avante_119.jpg,670,491,avante,197,120,549,391
avante_12.jpg,475,176,avante,20,12,311,157
avante_121.jpg,500,333,avante,98,83,449,245
avante_122.jpg,600,400,avante,74,152,504,345
avante_122.jpg,600,400,avante,77,136,510,348
avante_123.jpg,1920,1176,avante,148,360,1741,1090
avante_125.jpg,1024,683,avante,181,314,866,576
avante_127.jpg,800,533,avante,1,53,439,491
avante_128.jpg,800,312,avante,34,53,772,271
avante_129.jpg,600,400,avante,256,129,527,288
avante_13.jpg,200,150,avante,3,27,200,137
avante_130.jpg,1200,518,avante,351,35,1200,480
avante_131.jpg,1440,780,avante,135,280,651,687
avante_131.jpg,1440,780,avante,809,294,1353,694
avante_132.jpg,640,354,avante,34,92,624,310
avante_133.jpg,718,389,avante,62,67,633,372
avante_134.jpg,1920,1040,avante,180,122,1790,861
avante_135.jpg,1960,1102,avante,372,131,1598,1024
avante_136.jpg,1170,779,avante,206,331,986,654
avante_137.jpg,1600,1000,avante,137,29,1465,948
avante_138.jpg,668,348,avante,98,64,579,324
avante_139.jpg,712,400,avante,76,179,465,362
avante_141.jpg,600,247,avante,44,12,580,247
avante_142.jpg,640,500,avante,22,47,312,215
avante_142.jpg,640,500,avante,348,42,623,210
avante_142.jpg,640,500,avante,21,288,313,438
avante_142.jpg,640,500,avante,346,280,631,447
avante_143.jpg,500,333,avante,51,89,434,264
avante_144.jpg,540,259,avante,20,16,509,241
avante_145.jpg,1200,675,avante,143,191,1001,603
avante_146.jpg,700,405,avante,164,61,555,337
avante_147.jpg,480,360,avante,76,63,480,299
avante_149.jpg,320,180,avante,45,33,270,173
avante_150.jpg,1280,720,avante,255,75,1102,619
avante_151.jpg,1024,683,avante,220,159,860,583
avante_152.jpg,1000,666,avante,294,211,909,476
avante_153.jpg,700,394,avante,115,43,549,394
avante_155.jpg,800,500,avante,95,197,657,422
avante_156.jpg,640,360,avante,1,1,599,320
avante_157.jpg,680,453,avante,112,171,567,387
avante_158.jpg,1024,471,avante,92,58,877,438
avante_159.jpg,647,431,avante,65,105,573,368
avante_16.jpg,1000,425,avante,1,1,839,389
avante_160.jpg,1170,779,avante,168,293,981,669
avante_161.jpg,1200,628,avante,116,314,716,626
avante_161.jpg,1200,628,avante,660,307,1091,562
avante_165.jpg,480,360,avante,49,106,419,287
avante_166.jpg,660,371,avante,113,30,535,330
avante_168.jpg,1034,611,avante,138,32,856,584
avante_169.jpg,700,394,avante,84,208,451,371
avante_169.jpg,700,394,avante,326,195,655,338
avante_17.jpg,786,422,avante,189,167,603,308
avante_170.jpg,1280,720,avante,316,289,1199,720
avante_171.jpg,1120,600,avante,350,246,956,512
avante_172.jpg,1010,670,avante,111,170,857,565
avante_174.jpg,729,334,avante,78,35,649,288
avante_176.jpg,1280,720,avante,28,18,1280,720
avante_177.jpg,600,379,avante,105,30,513,334
avante_178.jpg,700,394,avante,112,170,601,328
avante_179.jpg,500,333,avante,85,114,415,226
avante_179.jpg,500,333,avante,91,103,416,232
avante_179.jpg,500,333,avante,92,134,298,237
avante_18.jpg,960,640,avante,79,260,875,515
avante_180.jpg,700,394,avante,206,92,543,287
avante_181.jpg,800,500,avante,103,134,745,418
avante_182.jpg,800,600,avante,90,109,746,515
avante_184.jpg,4595,2397,avante,458,430,4316,2209
avante_185.jpg,1600,1000,avante,331,217,1316,899
avante_186.jpg,1280,720,avante,123,7,1263,693
avante_187.jpg,1280,853,avante,1,163,963,853
avante_188.jpg,1920,1280,avante,343,604,1571,1106
avante_189.jpg,445,250,avante,31,93,413,240
avante_19.jpg,1164,738,avante,28,29,1139,704
avante_190.jpg,712,400,avante,212,123,547,274
avante_191.jpg,2896,2896,avante,68,1211,2896,2765
avante_192.jpg,800,532,avante,131,158,665,407
avante_193.jpg,2116,1293,avante,686,420,1935,1097
avante_194.jpg,630,369,avante,33,21,609,331
avante_195.jpg,1024,682,avante,121,318,908,590
avante_196.jpg,500,207,avante,131,35,408,195
avante_197.jpg,720,960,avante,10,151,720,731
avante_198.jpg,600,400,avante,33,67,574,343
avante_199.jpg,560,364,avante,74,102,419,345
avante_2.jpg,2560,1707,avante,367,628,2177,1459
avante_20.jpg,1200,630,avante,217,242,964,592
avante_200.jpg,1280,720,avante,52,94,1229,649
avante_201.jpg,1440,1440,avante,320,426,1440,1260
avante_202.jpg,1536,1152,avante,110,187,1290,810
avante_202.jpg,1536,1152,avante,395,176,1275,810
avante_203.jpg,450,228,avante,105,33,364,202
avante_204.jpg,1024,1365,avante,278,561,1024,1265
avante_205.jpg,1280,720,avante,497,137,1130,544
avante_205.jpg,1280,720,avante,508,62,1150,607
avante_208.jpg,1280,852,avante,128,5,1280,787
avante_209.jpg,1280,720,avante,192,266,1075,717
avante_210.jpg,720,405,avante,149,88,561,364
avante_211.jpg,1280,720,avante,222,35,1092,638
avante_212.jpg,1000,666,avante,384,269,885,617
avante_213.jpg,700,394,avante,211,61,524,279
avante_214.jpg,690,460,avante,208,109,612,325
avante_215.jpg,1080,810,avante,19,126,1035,721
avante_216.jpg,9719,4794,avante,631,963,9165,4186
avante_22.jpg,1024,632,avante,260,175,725,504
avante_23.jpg,1280,720,avante,142,64,1189,630
avante_24.jpg,1024,683,avante,178,288,850,560
avante_25.jpg,800,450,avante,72,88,715,371
avante_26.jpg,1000,569,avante,164,54,806,486
avante_27.jpg,700,394,avante,70,128,555,393
avante_28.jpg,1080,653,avante,1,1,1063,580
avante_3.jpg,1013,768,avante,68,68,966,712
avante_30.jpg,1000,667,avante,120,142,829,547
avante_32.jpg,1280,720,avante,188,2,1097,597
avante_33.jpg,700,442,avante,172,80,642,424
avante_33.jpg,700,442,avante,73,6,405,136
avante_34.jpg,647,323,avante,25,36,518,288
avante_35.jpg,1280,1447,avante,103,50,1201,659
avante_35.jpg,1280,1447,avante,81,784,1240,1384
avante_37.jpg,738,554,avante,82,95,666,471
avante_39.jpg,560,420,avante,130,172,404,304
avante_4.jpg,4571,2392,avante,213,373,4380,2179
avante_41.jpg,670,469,avante,28,173,657,397
avante_43.jpg,862,467,avante,76,195,640,443
avante_44.jpg,658,438,avante,47,79,650,393
avante_45.jpg,1241,698,avante,70,86,1079,629
avante_47.jpg,640,480,avante,35,161,612,450
avante_49.jpg,1024,1024,avante,180,594,856,952
avante_5.jpg,718,389,avante,146,224,501,384
avante_51.jpg,420,420,avante,92,132,345,349
avante_52.jpg,1200,800,avante,39,18,1110,602
avante_54.jpg,658,438,avante,53,89,619,392
avante_57.jpg,800,500,avante,149,144,698,457
avante_58.jpg,1136,628,avante,37,178,1100,510
avante_6.jpg,1920,1080,avante,252,267,1750,807
avante_61.jpg,1280,853,avante,225,213,833,551
avante_61.jpg,1280,853,avante,372,219,846,554
avante_62.jpg,780,520,avante,137,261,679,443
avante_63.jpg,1920,1080,avante,222,142,1771,988
avante_64.jpg,712,400,avante,225,201,609,332
avante_65.jpg,1000,729,avante,23,283,666,516
avante_68.jpg,530,350,avante,40,86,365,326
avante_69.jpg,1000,562,avante,216,90,819,480
avante_7.jpg,640,426,avante,232,100,542,312
avante_71.jpg,500,333,avante,87,118,414,263
avante_73.jpg,720,404,avante,192,142,496,324
avante_74.jpg,1200,794,avante,139,148,1061,628
avante_75.jpg,840,560,avante,39,203,753,518
avante_76.jpg,420,280,avante,34,48,392,244
avante_77.jpg,1919,1079,avante,269,332,1620,1008
avante_79.jpg,980,653,avante,137,289,847,574
avante_79.jpg,980,653,avante,156,306,646,584
avante_8.jpg,1116,628,avante,152,146,864,419
avante_80.jpg,700,394,avante,102,101,553,297
avante_82.jpg,960,639,avante,355,324,739,494
avante_83.jpg,960,720,avante,102,178,878,613
avante_85.jpg,500,600,avante,16,337,486,578
avante_86.jpg,700,394,avante,231,138,463,286
avante_87.jpg,1024,682,avante,230,307,710,459
avante_88.jpg,700,344,avante,142,24,575,335
avante_89.jpg,2000,1349,avante,255,398,1565,1264
avante_9.jpg,640,355,avante,47,109,394,312
avante_91.jpg,630,246,avante,34,21,603,217
avante_92.jpg,700,483,avante,264,44,647,269
avante_94.jpg,1280,720,avante,83,308,803,688
avante_94.jpg,1280,720,avante,563,314,1250,610
avante_95.jpg,486,273,avante,93,51,418,219
avante_97.jpg,8256,5504,avante,1948,1742,6688,4832
avante_97.jpg,8256,5504,avante,2028,2102,6218,4952
avante_98.jpg,780,451,avante,50,79,705,375
grandeur_1.jpg,980,600,grandeur,99,74,902,525
grandeur_10.jpg,450,297,grandeur,6,58,444,279
grandeur_100.jpg,960,640,grandeur,170,44,826,554
grandeur_101.jpg,640,348,grandeur,33,21,611,323
grandeur_102.jpg,480,380,grandeur,10,128,149,233
grandeur_102.jpg,480,380,grandeur,167,34,318,96
grandeur_102.jpg,480,380,grandeur,332,29,467,96
grandeur_103.jpg,560,316,grandeur,28,28,518,297
grandeur_104.jpg,600,600,grandeur,22,102,575,501
grandeur_105.jpg,889,500,grandeur,77,70,837,451
grandeur_106.jpg,600,382,grandeur,28,105,491,356
grandeur_107.jpg,639,360,grandeur,30,57,624,341
grandeur_108.jpg,1024,683,grandeur,36,166,985,535
grandeur_109.jpg,650,433,grandeur,64,125,570,377
grandeur_110.jpg,600,380,grandeur,62,127,457,356
grandeur_111.jpg,618,348,grandeur,72,83,518,319
grandeur_112.jpg,600,600,grandeur,6,120,600,480
grandeur_113.jpg,652,367,grandeur,32,81,485,367
grandeur_114.jpg,500,295,grandeur,34,30,478,279
grandeur_115.jpg,580,360,grandeur,60,63,484,307
grandeur_116.jpg,900,596,grandeur,45,48,852,537
grandeur_117.jpg,480,360,grandeur,19,41,463,265
grandeur_119.jpg,640,427,grandeur,218,127,580,393
grandeur_12.jpg,1024,554,grandeur,234,111,920,543
grandeur_120.jpg,640,480,grandeur,19,89,619,443
grandeur_121.jpg,538,414,grandeur,16,23,522,398
grandeur_123.jpg,712,400,grandeur,114,148,612,362
grandeur_124.jpg,700,400,grandeur,34,88,672,382
grandeur_125.jpg,1068,668,grandeur,253,177,997,567
grandeur_126.jpg,960,640,grandeur,58,106,896,595
grandeur_127.jpg,480,360,grandeur,14,45,465,293
grandeur_13.jpg,600,451,grandeur,73,10,567,415
grandeur_132.jpg,1024,683,grandeur,16,182,993,667
grandeur_133.jpg,1024,683,grandeur,20,133,993,549
grandeur_134.jpg,1024,644,grandeur,34,194,999,617
grandeur_135.jpg,936,702,grandeur,83,200,885,582
grandeur_136.jpg,600,400,grandeur,31,75,518,347
grandeur_137.jpg,712,400,grandeur,106,147,600,368
grandeur_138.jpg,500,333,grandeur,164,115,469,324
grandeur_139.jpg,936,702,grandeur,47,167,911,556
grandeur_14.jpg,600,293,grandeur,20,51,586,281
grandeur_140.jpg,800,601,grandeur,105,41,687,482
grandeur_141.jpg,960,540,grandeur,63,43,770,457
grandeur_142.jpg,1024,659,grandeur,149,186,889,540
grandeur_143.jpg,960,640,grandeur,62,113,886,594
grandeur_146.jpg,820,422,grandeur,100,8,732,378
grandeur_147.jpg,480,360,grandeur,36,103,352,291
grandeur_148.jpg,480,360,grandeur,20,41,462,287
grandeur_16.jpg,610,343,grandeur,89,124,524,311
grandeur_18.jpg,640,480,grandeur,17,143,622,344
grandeur_19.jpg,480,360,grandeur,10,76,456,314
grandeur_2.jpg,1024,576,grandeur,72,31,975,531
grandeur_20.jpg,1024,699,grandeur,241,122,993,588
grandeur_21.jpg,710,444,grandeur,39,21,592,430
grandeur_22.jpg,650,325,grandeur,68,5,611,321
grandeur_23.jpg,600,274,grandeur,7,50,561,253
grandeur_24.jpg,1024,442,grandeur,29,38,1003,407
grandeur_25.jpg,900,386,grandeur,326,38,862,329
grandeur_26.jpg,1080,648,grandeur,89,232,1043,586
grandeur_27.jpg,870,522,grandeur,83,48,830,488
grandeur_28.jpg,840,560,grandeur,102,194,799,467
grandeur_29.jpg,450,297,grandeur,3,55,444,272
grandeur_3.jpg,1024,659,grandeur,155,179,884,536
grandeur_30.jpg,600,274,grandeur,11,52,561,249
grandeur_31.jpg,840,560,grandeur,183,233,714,510
grandeur_32.jpg,713,355,grandeur,32,113,630,329
grandeur_33.jpg,710,372,grandeur,93,31,697,335
grandeur_34.jpg,600,394,grandeur,89,42,528,369
grandeur_35.jpg,600,600,grandeur,197,321,552,549
grandeur_36.jpg,1024,659,grandeur,156,183,897,532
grandeur_37.jpg,652,396,grandeur,125,12,618,371
grandeur_38.jpg,600,360,grandeur,13,2,570,360
grandeur_39.jpg,464,260,grandeur,2,10,462,242
grandeur_4.jpg,1080,648,grandeur,57,5,1017,645
grandeur_41.jpg,840,560,grandeur,191,245,703,495
grandeur_42.jpg,680,453,grandeur,19,83,626,366
grandeur_43.jpg,889,500,grandeur,110,150,680,449
grandeur_44.jpg,480,270,grandeur,57,1,432,270
grandeur_45.jpg,600,340,grandeur,60,70,541,321
grandeur_46.jpg,640,426,grandeur,73,101,536,349
grandeur_47.jpg,540,281,grandeur,25,41,516,262
grandeur_48.jpg,800,459,grandeur,189,143,655,405
grandeur_48.jpg,800,459,granduer2020,28,177,118,242
grandeur_5.jpg,600,274,grandeur,10,61,553,253
grandeur_50.jpg,480,360,grandeur,8,51,469,298
grandeur_51.jpg,840,560,grandeur,111,208,790,459
grandeur_52.jpg,600,251,grandeur,14,50,575,232
grandeur_53.jpg,620,315,grandeur,32,33,606,312
grandeur_54.jpg,712,400,grandeur,157,109,650,348
grandeur_55.jpg,600,374,grandeur,38,58,570,341
grandeur_56.jpg,600,425,grandeur,37,108,553,411
grandeur_57.jpg,650,240,grandeur,53,6,595,240
grandeur_58.jpg,480,360,grandeur,157,60,352,250
grandeur_59.jpg,1200,518,grandeur,35,25,719,501
grandeur_6.jpg,620,315,grandeur,47,4,566,315
grandeur_60.jpg,1021,574,grandeur,16,128,1021,503
grandeur_61.jpg,600,473,grandeur,86,80,519,424
grandeur_63.jpg,620,315,grandeur,45,47,549,245
grandeur_64.jpg,600,451,grandeur,69,6,569,409
grandeur_65.jpg,480,360,grandeur,114,138,466,308
grandeur_67.jpg,460,299,grandeur,13,34,450,286
grandeur_68.jpg,765,510,grandeur,235,177,559,476
grandeur_69.jpg,480,360,grandeur,41,94,357,287
grandeur_7.jpg,1080,648,grandeur,13,265,397,456
grandeur_7.jpg,1080,648,granduer2020,493,216,1072,628
grandeur_70.jpg,600,428,grandeur,16,100,399,284
grandeur_71.jpg,840,560,grandeur,109,187,626,499
grandeur_72.jpg,800,533,grandeur,8,18,771,516
grandeur_73.jpg,652,396,grandeur,134,15,616,364
grandeur_74.jpg,840,560,grandeur,11,190,504,510
grandeur_76.jpg,712,400,grandeur,93,141,615,374
grandeur_77.jpg,480,360,grandeur,11,53,467,304
grandeur_78.jpg,640,480,grandeur,8,61,571,362
grandeur_79.jpg,450,297,grandeur,9,58,445,275
grandeur_8.jpg,600,400,grandeur,28,74,518,338
grandeur_80.jpg,712,400,grandeur,3,47,692,400
grandeur_81.jpg,480,360,grandeur,85,113,424,300
grandeur_82.jpg,480,360,grandeur,58,193,410,305
grandeur_83.jpg,600,399,grandeur,62,119,440,341
grandeur_84.jpg,960,720,grandeur,80,42,871,653
grandeur_85.jpg,647,384,grandeur,41,40,605,362
grandeur_86.jpg,840,560,grandeur,233,118,692,498
grandeur_87.jpg,600,399,grandeur,60,113,445,343
grandeur_88.jpg,600,347,grandeur,77,69,550,323
grandeur_89.jpg,800,601,grandeur,109,29,649,516
grandeur_9.jpg,940,529,grandeur,87,116,829,479
grandeur_90.jpg,1140,421,grandeur,118,26,996,399
grandeur_91.jpg,556,360,grandeur,47,131,478,323
grandeur_92.jpg,1024,555,grandeur,33,25,955,534
grandeur_94.jpg,580,360,grandeur,81,53,485,313
grandeur_95.jpg,1241,629,grandeur,402,122,872,462
grandeur_96.jpg,830,510,grandeur,9,9,824,487
grandeur_97.jpg,1024,640,grandeur,263,132,962,550
grandeur_98.jpg,1023,767,grandeur,67,87,945,667
grandeur_99.jpg,1024,659,grandeur,163,186,882,536
kona_1.jpg,800,534,kona,64,1,781,501
kona_10.jpg,1600,1600,kona,154,100,1449,805
kona_100.jpg,600,600,kona,41,280,593,567
kona_101.jpg,720,375,kona,134,149,689,358
kona_103.jpg,720,440,kona,1,38,717,392
kona_105.jpg,600,600,kona,4,131,589,450
kona_106.jpg,320,180,kona,42,62,246,165
kona_107.jpg,1600,918,kona,397,117,1220,792
kona_108.jpg,1204,804,kona,309,179,907,715
kona_109.jpg,720,440,kona,117,74,559,383
kona_11.jpg,800,533,kona,91,41,713,484
kona_110.jpg,600,600,kona,66,128,550,392
kona_111.jpg,1280,720,kona,83,124,966,561
kona_112.jpg,720,1017,kona,160,361,687,647
kona_113.jpg,940,627,kona,149,235,815,521
kona_114.jpg,600,400,kona,221,150,511,341
kona_115.jpg,660,495,kona,111,186,569,440
kona_116.jpg,1024,683,kona,132,139,884,609
kona_117.jpg,650,335,kona,67,74,555,282
kona_119.jpg,758,685,kona,58,60,646,366
kona_12.jpg,700,800,kona,26,432,669,749
kona_120.jpg,1280,960,kona,34,149,1280,867
kona_122.jpg,1600,987,kona,134,157,1495,922
kona_123.jpg,800,421,kona,164,101,641,383
kona_125.jpg,640,640,kona,244,362,640,612
kona_126.jpg,450,297,kona,33,55,409,268
kona_127.jpg,645,429,kona,113,125,395,337
kona_127.jpg,645,429,kona,487,156,606,255
kona_128.jpg,600,380,kona,61,68,570,349
kona_13.jpg,620,413,kona,152,153,606,402
kona_130.jpg,1280,720,kona,371,230,1181,634
kona_131.jpg,690,460,kona,341,208,660,413
kona_132.jpg,1024,683,kona,127,276,789,561
kona_134.jpg,2800,1867,kona,798,546,2042,1599
kona_135.jpg,250,157,kona,6,1,246,150
kona_136.jpg,600,337,kona,41,16,525,306
kona_137.jpg,800,800,kona,29,177,788,663
kona_139.jpg,600,325,kona,23,60,465,300
kona_14.jpg,800,800,kona,14,371,795,741
kona_140.jpg,600,600,kona,175,370,597,597
kona_141.jpg,630,420,kona,81,33,575,403
kona_142.jpg,711,400,kona,255,63,629,351
kona_144.jpg,600,450,kona,15,16,599,406
kona_145.jpg,600,450,kona,123,146,486,345
kona_147.jpg,800,493,kona,80,4,725,436
kona_148.jpg,900,500,kona,217,106,814,390
kona_15.jpg,1600,770,kona,422,166,1236,659
kona_150.jpg,640,351,kona,57,48,587,313
kona_151.jpg,800,493,kona,38,119,789,425
kona_152.jpg,960,538,kona,30,20,941,499
kona_153.jpg,1080,720,kona,75,80,1057,694
kona_154.jpg,240,160,kona,16,10,228,149
kona_155.jpg,960,538,kona,156,20,907,483
kona_156.jpg,700,461,kona,31,133,669,411
kona_157.jpg,576,323,kona,118,87,413,270
kona_158.jpg,600,450,kona,53,118,521,375
kona_159.jpg,700,466,kona,101,90,647,406
kona_16.jpg,250,154,kona,2,11,250,144
kona_160.jpg,980,735,kona,151,124,843,677
kona_161.jpg,400,400,kona,132,217,375,348
kona_162.jpg,699,466,kona,62,95,558,391
kona_163.jpg,1200,800,kona,294,145,937,677
kona_164.jpg,780,585,kona,138,169,700,522
kona_166.jpg,770,567,kona,229,275,614,502
kona_168.jpg,780,798,kona,150,228,646,543
kona_169.jpg,728,485,kona,216,98,579,382
kona_17.jpg,720,404,kona,137,72,701,353
kona_170.jpg,800,594,kona,79,10,699,271
kona_171.jpg,1280,720,kona,384,135,955,554
kona_172.jpg,1280,790,kona,189,85,1207,727
kona_173.jpg,364,186,kona,14,9,356,182
kona_176.jpg,1200,675,kona,68,260,1023,633
kona_177.jpg,1200,741,kona,33,114,1150,662
kona_178.jpg,720,720,kona,242,438,665,662
kona_179.jpg,2592,1458,kona,549,120,1994,1300
kona_180.jpg,1280,674,kona,130,94,1042,610
kona_181.jpg,1600,937,kona,66,175,1528,801
kona_183.jpg,880,495,kona,104,52,694,458
kona_186.jpg,480,360,kona,46,40,411,345
kona_187.jpg,1204,804,kona,348,99,1204,804
kona_191.jpg,680,405,kona,94,81,451,310
kona_192.jpg,600,450,kona,92,197,529,381
kona_193.jpg,1080,720,kona,24,216,1068,706
kona_195.jpg,1000,751,kona,226,50,790,366
kona_195.jpg,1000,751,kona,199,419,462,532
kona_195.jpg,1000,751,kona,529,421,787,529
kona_195.jpg,1000,751,kona,362,569,632,685
kona_196.jpg,1200,800,kona,49,88,1158,708
kona_199.jpg,600,434,kona,45,82,555,386
kona_2.jpg,1200,800,kona,81,165,1181,736
kona_20.jpg,1200,675,kona,297,178,1161,658
kona_200.jpg,500,333,kona,48,100,387,306
kona_201.jpg,1000,751,kona,203,143,942,624
kona_202.jpg,1024,683,kona,135,267,868,599
kona_204.jpg,750,413,kona,17,10,692,399
kona_207.jpg,800,493,kona,44,70,667,419
kona_208.jpg,550,367,kona,58,117,367,330
kona_21.jpg,600,400,kona,93,113,505,341
kona_210.jpg,720,468,kona,99,104,633,400
kona_210.jpg,720,468,kona,110,103,541,429
kona_212.jpg,620,349,kona,98,21,599,348
kona_214.jpg,1920,1080,kona,123,215,1780,831
kona_215.jpg,960,720,kona,39,9,903,720
kona_216.jpg,600,390,kona,191,119,498,338
kona_218.jpg,550,353,kona,13,43,524,320
kona_219.jpg,800,533,kona,41,201,325,380
kona_219.jpg,800,533,kona,334,194,780,431
kona_220.jpg,740,416,kona,83,93,628,386
kona_222.jpg,1280,853,kona,6,2,1280,853
kona_223.jpg,690,460,kona,58,86,660,396
kona_225.jpg,600,431,kona,97,121,534,324
kona_226.jpg,1280,720,kona,256,229,980,652
kona_228.jpg,700,466,kona,283,114,631,316
kona_229.jpg,600,394,kona,91,63,519,329
kona_23.jpg,1080,720,kona,39,156,1080,658
kona_230.jpg,700,800,kona,100,456,662,758
kona_231.jpg,940,627,kona,96,78,809,550
kona_233.jpg,624,416,kona,65,71,397,359
kona_233.jpg,624,416,kona,385,39,593,175
kona_234.jpg,1024,683,kona,120,196,903,513
kona_236.jpg,1024,683,kona,167,176,821,573
kona_237.jpg,940,627,kona,250,186,895,490
kona_238.jpg,690,460,kona,74,80,642,381
kona_239.jpg,600,400,kona,140,38,539,304
kona_24.jpg,512,252,kona,131,66,410,213
kona_240.jpg,712,500,kona,126,203,649,442
kona_241.jpg,980,653,kona,276,214,861,591
kona_243.jpg,600,371,kona,120,90,513,326
kona_244.jpg,720,405,kona,110,106,641,375
kona_245.jpg,800,800,kona,116,432,751,749
kona_246.jpg,640,427,kona,63,85,552,342
kona_247.jpg,700,800,kona,240,428,666,756
kona_248.jpg,580,310,kona,56,128,407,283
kona_249.jpg,660,495,kona,84,179,524,406
kona_25.jpg,720,405,kona,29,50,661,350
kona_250.jpg,1080,720,kona,92,126,1004,659
kona_251.jpg,2352,1568,kona,174,339,2217,1447
kona_252.jpg,1000,667,kona,66,161,915,590
kona_253.jpg,250,152,kona,14,12,243,133
kona_254.jpg,520,367,kona,108,97,388,295
kona_255.jpg,720,480,kona,144,173,679,448
kona_256.jpg,600,322,kona,60,13,553,298
kona_259.jpg,500,333,kona,16,78,395,304
kona_26.jpg,1080,720,kona,112,151,1014,613
kona_260.jpg,690,460,kona,156,171,600,399
kona_28.jpg,1920,1200,kona,88,381,1156,1032
kona_29.jpg,640,427,kona,250,164,578,354
kona_3.jpg,600,322,kona,56,8,558,310
kona_30.jpg,624,416,kona,61,55,555,363
kona_31.jpg,2800,1867,kona,567,643,2348,1618
kona_32.jpg,624,416,kona,27,72,438,361
kona_33.jpg,959,1095,kona,73,16,927,501
kona_34.jpg,712,500,kona,40,114,438,401
kona_35.jpg,660,827,kona,20,28,650,348
kona_36.jpg,600,274,kona,115,51,401,231
kona_37.jpg,720,378,kona,232,49,720,378
kona_38.jpg,800,800,kona,100,424,778,759
kona_39.jpg,960,555,kona,413,117,776,376
kona_4.jpg,500,333,kona,76,76,396,288
kona_40.jpg,500,279,kona,79,105,348,256
kona_41.jpg,1280,720,kona,246,93,1280,720
kona_43.jpg,5184,3456,kona,1136,639,4606,2939
kona_44.jpg,1200,800,kona,69,173,1031,640
kona_45.jpg,760,507,kona,191,123,604,421
kona_47.jpg,1080,720,kona,64,225,795,626
kona_47.jpg,1080,720,kona,56,140,1046,669
kona_48.jpg,600,600,kona,36,149,575,473
kona_5.jpg,1024,683,kona,136,191,899,579
kona_50.jpg,800,534,kona,169,149,477,478
kona_51.jpg,500,277,kona,25,19,479,249
kona_52.jpg,378,264,kona,33,54,332,209
kona_53.jpg,1280,720,kona,129,73,1183,687
kona_54.jpg,2800,1870,kona,832,659,2232,1531
kona_55.jpg,848,478,kona,19,45,451,400
kona_57.jpg,640,481,kona,52,96,553,419
kona_58.jpg,652,367,kona,91,91,613,333
kona_59.jpg,1024,683,kona,205,128,830,640
kona_6.jpg,1280,720,kona,306,155,971,590
kona_60.jpg,860,1000,kona,381,571,768,934
kona_61.jpg,540,292,kona,56,23,521,274
kona_62.jpg,720,404,kona,154,79,703,375
kona_63.jpg,980,566,kona,106,67,894,506
kona_66.jpg,728,410,kona,94,36,593,370
kona_67.jpg,1280,720,kona,229,90,1087,655
kona_69.jpg,720,440,kona,165,72,568,398
kona_7.jpg,500,333,kona,35,71,385,293
kona_70.jpg,960,590,kona,59,2,873,588
kona_73.jpg,500,500,kona,6,128,485,435
kona_76.jpg,700,466,kona,309,114,666,292
kona_77.jpg,400,248,kona,25,19,381,233
kona_78.jpg,250,137,kona,9,9,244,132
kona_79.jpg,800,494,kona,85,94,555,494
kona_8.jpg,800,600,kona,79,137,703,493
kona_81.jpg,1200,799,kona,152,264,1021,674
kona_83.jpg,3000,2099,kona,528,789,2271,1976
kona_84.jpg,1080,720,kona,80,128,1028,717
kona_86.jpg,2800,1867,kona,704,346,2439,1580
kona_88.jpg,480,360,kona,54,29,428,333
kona_89.jpg,711,400,kona,173,71,525,333
kona_9.jpg,720,479,kona,64,163,658,424
kona_90.jpg,960,720,kona,249,191,774,615
kona_91.jpg,600,454,kona,87,132,542,379
kona_92.jpg,640,640,kona,8,379,416,619
kona_93.jpg,1600,844,kona,263,77,1361,759
kona_94.jpg,990,602,kona,40,65,945,602
kona_95.jpg,580,496,kona,68,60,535,325
kona_98.jpg,354,211,kona,92,33,266,173
kona_99.jpg,1920,1080,kona,647,276,1592,823
palisade_10.jpg,1280,720,palisade,120,97,1192,636
palisade_101.jpg,640,640,palisade,148,364,596,616
palisade_102.jpg,1080,720,palisade,40,157,1056,698
palisade_103.jpg,650,360,palisade,13,26,606,347
palisade_105.jpg,1280,720,palisade,284,113,1010,674
palisade_106.jpg,820,413,palisade,142,1,685,385
palisade_108.jpg,1480,800,palisade,64,198,1396,650
palisade_109.jpg,1080,720,palisade,50,60,1042,674
palisade_11.jpg,1280,853,palisade,56,179,1225,744
palisade_112.jpg,600,600,palisade,70,236,574,502
palisade_116.jpg,743,743,palisade,3,336,250,526
palisade_118.jpg,600,600,palisade,53,76,584,509
palisade_119.jpg,800,494,palisade,75,126,750,407
palisade_121.jpg,480,360,palisade,51,23,434,341
palisade_122.jpg,700,466,palisade,3,1,632,420
palisade_124.jpg,650,436,palisade,175,122,637,419
palisade_125.jpg,600,370,palisade,43,7,515,344
palisade_127.jpg,900,675,palisade,97,32,900,675
palisade_129.jpg,480,360,palisade,37,109,453,265
palisade_13.jpg,559,350,palisade,31,31,528,322
palisade_131.jpg,1280,720,palisade,431,296,1164,624
palisade_132.jpg,600,450,palisade,68,30,558,422
palisade_133.jpg,600,400,palisade,107,183,497,346
palisade_136.jpg,640,480,palisade,40,73,612,445
palisade_137.jpg,600,600,palisade,18,93,600,469
palisade_138.jpg,300,300,palisade,1,24,297,277
palisade_14.jpg,1170,780,palisade,297,230,933,649
palisade_141.jpg,696,464,palisade,17,1,667,458
palisade_142.jpg,480,360,palisade,53,41,433,331
palisade_143.jpg,600,600,palisade,123,331,600,600
palisade_144.jpg,1080,720,palisade,220,79,956,653
palisade_146.jpg,720,758,palisade,37,27,678,307
palisade_149.jpg,720,556,palisade,96,171,624,495
palisade_15.jpg,973,587,palisade,137,189,822,511
palisade_150.jpg,1000,668,palisade,308,274,850,537
palisade_151.jpg,750,421,palisade,89,120,636,372
palisade_152.jpg,750,421,palisade,100,113,636,370
palisade_153.jpg,940,566,palisade,353,291,863,535
palisade_153.jpg,940,566,palisade,32,318,273,462
palisade_154.jpg,818,532,palisade,8,64,817,482
palisade_155.jpg,640,640,palisade,119,367,547,597
palisade_156.jpg,1280,720,palisade,108,239,1221,658
palisade_157.jpg,1487,905,palisade,18,21,1382,868
palisade_158.jpg,4240,2782,palisade,649,308,3185,2413
palisade_159.jpg,300,399,palisade,26,160,271,303
palisade_16.jpg,900,600,palisade,167,60,733,504
palisade_161.jpg,960,612,palisade,121,140,923,553
palisade_162.jpg,700,560,palisade,141,215,649,424
palisade_164.jpg,712,500,palisade,140,154,589,422
palisade_165.jpg,1280,720,palisade,95,236,1168,692
palisade_166.jpg,696,464,palisade,1,1,689,452
palisade_168.jpg,1200,800,palisade,48,217,1148,654
palisade_169.jpg,1200,900,palisade,119,289,1098,858
palisade_17.jpg,600,351,palisade,89,113,491,310
palisade_170.jpg,1280,920,palisade,112,245,1128,749
palisade_171.jpg,600,399,palisade,40,112,565,315
palisade_172.jpg,690,460,palisade,157,212,599,392
palisade_173.jpg,728,478,palisade,22,139,704,395
palisade_175.jpg,800,524,palisade,72,58,719,470
palisade_176.jpg,508,367,palisade,56,67,449,298
palisade_177.jpg,1280,720,palisade,73,20,1223,656
palisade_178.jpg,1200,800,palisade,125,184,1128,631
palisade_179.jpg,620,368,palisade,158,70,566,320
palisade_18.jpg,1080,720,palisade,57,126,1050,679
palisade_180.jpg,700,466,palisade,25,156,676,389
palisade_182.jpg,600,390,palisade,40,33,516,270
palisade_183.jpg,940,627,palisade,314,288,779,508
palisade_185.jpg,728,485,palisade,62,84,686,418
palisade_186.jpg,600,408,palisade,107,138,530,332
palisade_187.jpg,800,450,palisade,149,134,704,369
palisade_188.jpg,720,440,palisade,124,89,676,384
palisade_19.jpg,720,758,palisade,78,275,652,602
palisade_191.jpg,600,400,palisade,42,64,558,368
palisade_192.jpg,720,540,palisade,89,142,645,519
palisade_194.jpg,690,460,palisade,198,128,635,421
palisade_194.jpg,690,460,palisade,79,156,214,270
palisade_195.jpg,960,640,palisade,103,182,917,580
palisade_197.jpg,800,600,palisade,169,162,667,541
palisade_198.jpg,600,315,palisade,102,46,496,261
palisade_199.jpg,1200,800,palisade,46,2,1200,728
palisade_2.jpg,768,432,palisade,137,75,637,351
palisade_20.jpg,1080,720,palisade,34,134,1080,713
palisade_200.jpg,320,180,palisade,33,18,292,160
palisade_201.jpg,720,457,palisade,17,29,618,436
palisade_203.jpg,960,615,palisade,283,207,729,485
palisade_204.jpg,690,460,palisade,72,113,522,434
palisade_204.jpg,690,460,palisade,508,136,638,244
palisade_205.jpg,720,405,palisade,149,124,578,331
palisade_207.jpg,1280,720,palisade,260,229,1048,660
palisade_209.jpg,1080,608,palisade,148,261,768,549
palisade_210.jpg,1024,683,palisade,128,187,972,564
palisade_211.jpg,1024,683,palisade,168,106,806,610
palisade_212.jpg,1280,720,palisade,461,264,1041,525
palisade_213.jpg,280,187,palisade,61,38,258,156
palisade_214.jpg,200,140,palisade,26,29,194,118
palisade_215.jpg,1024,683,palisade,53,152,932,583
palisade_216.jpg,600,354,palisade,48,43,558,311
palisade_217.jpg,560,414,palisade,22,19,538,394
palisade_218.jpg,941,621,palisade,39,63,905,561
palisade_22.jpg,900,600,palisade,111,320,503,529
palisade_23.jpg,720,540,palisade,78,29,663,496
palisade_24.jpg,696,464,palisade,189,94,692,450
palisade_25.jpg,3000,2000,palisade,714,474,2505,1580
palisade_27.jpg,700,466,palisade,275,97,637,287
palisade_28.jpg,720,540,palisade,16,42,640,497
palisade_3.jpg,1280,720,palisade,278,154,1056,500
palisade_30.jpg,1080,720,palisade,81,184,1027,689
palisade_31.jpg,600,322,palisade,73,54,551,283
palisade_32.jpg,600,600,palisade,48,262,576,572
palisade_33.jpg,500,333,palisade,91,158,418,279
palisade_35.jpg,749,472,palisade,58,128,446,455
palisade_36.jpg,700,467,palisade,119,142,475,413
palisade_37.jpg,640,480,palisade,113,96,539,390
palisade_38.jpg,600,600,palisade,29,286,581,558
palisade_4.jpg,320,240,palisade,136,115,306,197
palisade_41.jpg,740,495,palisade,56,196,597,473
palisade_42.jpg,720,758,palisade,48,336,630,681
palisade_43.jpg,640,640,palisade,1,319,418,614
palisade_44.jpg,1080,720,palisade,54,100,1040,663
palisade_47.jpg,960,539,palisade,17,135,942,465
palisade_48.jpg,720,540,palisade,194,208,666,466
palisade_49.jpg,445,331,palisade,28,66,425,321
palisade_5.jpg,720,539,palisade,40,145,694,418
palisade_50.jpg,600,401,palisade,78,125,530,312
palisade_51.jpg,1080,720,palisade,64,119,1012,667
palisade_52.jpg,579,491,palisade,155,33,442,196
palisade_54.jpg,1170,780,palisade,191,277,918,622
palisade_55.jpg,600,600,palisade,190,352,544,564
palisade_57.jpg,1280,791,palisade,130,282,1136,657
palisade_58.jpg,728,485,palisade,357,103,728,448
palisade_59.jpg,1200,800,palisade,310,288,637,491
palisade_6.jpg,1080,720,palisade,59,142,1035,717
palisade_60.jpg,640,640,palisade,229,332,640,606
palisade_61.jpg,1080,720,palisade,99,72,1035,656
palisade_62.jpg,1080,720,palisade,89,114,1026,635
palisade_63.jpg,640,480,palisade,74,84,561,405
palisade_64.jpg,720,480,palisade,126,138,624,389
palisade_65.jpg,540,305,palisade,149,121,515,266
palisade_66.jpg,800,533,palisade,142,44,693,501
palisade_67.jpg,366,214,palisade,7,4,366,210
palisade_69.jpg,1200,800,palisade,94,30,1133,779
palisade_7.jpg,639,479,palisade,98,133,566,400
palisade_70.jpg,880,495,palisade,67,194,789,478
palisade_73.jpg,728,485,palisade,144,129,592,431
palisade_74.jpg,600,346,palisade,167,61,593,294
palisade_75.jpg,750,500,palisade,1,60,374,463
palisade_76.jpg,1000,556,palisade,201,154,756,471
palisade_77.jpg,1280,853,palisade,123,142,1155,714
palisade_78.jpg,960,639,palisade,100,6,840,316
palisade_8.jpg,600,311,palisade,301,38,600,243
palisade_80.jpg,1024,683,palisade,156,115,859,615
palisade_81.jpg,800,499,palisade,105,131,438,375
palisade_82.jpg,800,600,palisade,38,129,764,538
palisade_85.jpg,960,623,palisade,217,326,742,581
palisade_86.jpg,689,450,palisade,44,37,643,374
palisade_87.jpg,1080,720,palisade,68,83,1019,688
palisade_89.jpg,170,100,palisade,10,38,161,95
palisade_92.jpg,696,464,palisade,10,96,324,393
palisade_93.jpg,800,800,palisade,4,567,520,794
palisade_94.jpg,1024,613,palisade,46,118,959,530
palisade_95.jpg,600,600,palisade,15,207,543,440
palisade_96.jpg,700,466,palisade,45,111,665,353
palisade_97.jpg,550,252,palisade,1,18,549,240
palisade_98.jpg,720,720,palisade,23,295,397,486
palisade_98.jpg,720,720,palisade,435,297,691,500
sonata_10.jpg,800,600,sonata,58,208,709,534
sonata_100.jpg,900,600,sonata,168,176,813,538
sonata_101.jpg,875,492,sonata,105,98,766,366
sonata_102.jpg,1024,683,sonata,93,217,980,619
sonata_103.jpg,1024,656,sonata,45,30,978,622
sonata_104.jpg,800,485,sonata,40,121,743,379
sonata_105.jpg,750,561,sonata,25,148,671,548
sonata_106.jpg,644,360,sonata,25,93,603,345
sonata_108.jpg,544,829,sonata,37,284,507,745
sonata_109.jpg,640,640,sonata,9,15,639,347
sonata_109.jpg,640,640,sonata2020,17,371,598,629
sonata_11.jpg,1075,350,sonata,150,30,998,322
sonata_110.jpg,580,370,sonata,44,77,548,300
sonata_111.jpg,640,480,sonata,23,42,626,443
sonata_112.jpeg,800,535,sonata,22,105,739,439
sonata_113.jpg,400,300,sonata,39,62,390,241
sonata_114.jpg,875,492,sonata,166,136,705,368
sonata_116.jpg,800,449,sonata,31,58,770,428
sonata_117.jpg,650,485,sonata,43,14,613,475
sonata_118.jpg,800,800,sonata,420,527,775,695
sonata_119.jpg,840,560,sonata,167,83,683,474
sonata_12.jpg,1410,460,sonata,279,183,1110,460
sonata_120.jpg,840,560,sonata,139,190,752,448
sonata_121.jpg,1200,625,sonata,115,148,1101,528
sonata_123.jpg,500,261,sonata,17,21,486,240
sonata_124.jpg,1000,667,sonata,129,317,958,634
sonata_125.jpg,660,330,sonata,64,102,562,330
sonata_126.jpg,1024,682,sonata,183,157,917,546
sonata_127.jpg,960,554,sonata,91,132,851,467
sonata_128.jpg,1075,375,sonata,219,76,913,360
sonata_129.jpg,720,400,sonata,307,226,594,329
sonata_13.jpg,1200,615,sonata,26,30,1169,536
sonata_130.jpg,595,397,sonata,76,94,418,218
sonata_131.jpg,640,480,sonata,12,41,628,440
sonata_132.jpg,1120,600,sonata,275,276,854,514
sonata_133.jpg,840,640,sonata,48,80,770,604
sonata_134.jpg,840,560,sonata,75,199,775,444
sonata_135.jpg,1200,600,sonata,160,131,1074,526
sonata_136.jpg,1200,615,sonata,49,34,1166,571
sonata_138.jpg,1075,375,sonata,109,44,989,334
sonata_139.jpg,644,360,sonata,25,101,607,337
sonata_14.jpg,875,492,sonata,49,56,819,439
sonata_140.jpg,900,600,sonata,130,63,755,482
sonata_142.jpg,900,535,sonata,100,153,869,504
sonata_143.jpg,1200,615,sonata,57,48,1169,568
sonata_144.jpg,600,400,sonata,23,97,571,332
sonata_145.jpg,740,463,sonata,87,132,678,355
sonata_146.jpeg,640,480,sonata,39,120,601,347
sonata_147.jpg,800,800,sonata,51,15,717,340
sonata_148.jpg,480,360,sonata,9,72,473,311
sonata_149.jpg,800,450,sonata,72,81,772,415
sonata_15.jpg,600,326,sonata,37,85,561,313
sonata_150.jpg,1120,600,sonata,263,237,982,536
sonata_151.jpg,640,480,sonata,9,60,628,339
sonata_152.jpg,911,591,sonata,81,77,855,564
sonata_153.jpg,600,338,sonata,55,50,561,271
sonata_154.jpg,599,437,sonata,23,16,584,424
sonata_155.jpg,595,397,sonata,79,98,423,224
sonata_156.jpeg,733,418,sonata,95,187,653,369
sonata_157.jpg,1024,682,sonata,84,281,978,583
sonata_158.jpg,840,560,sonata,161,175,784,464
sonata_159.jpg,712,400,sonata,97,119,612,331
sonata_16.jpg,840,560,sonata,146,186,753,446
sonata_160.jpg,1000,702,sonata,123,166,910,683
sonata_161.jpg,1100,550,sonata,170,30,932,550
sonata_162.jpg,854,458,sonata,202,176,734,393
sonata_163.jpg,600,347,sonata,43,54,563,325
sonata_164.jpg,480,320,sonata,51,92,424,254
sonata_165.jpg,600,317,sonata,24,36,582,308
sonata_166.jpg,980,551,sonata,110,201,861,516
sonata_167.jpg,960,720,sonata,30,8,930,716
sonata_168.jpg,845,555,sonata,9,52,822,539
sonata_169.jpg,1200,420,sonata,10,73,626,354
sonata_17.jpg,1019,700,sonata,49,149,984,472
sonata_170.jpeg,860,645,sonata,114,112,663,517
sonata_171.jpg,800,600,sonata,70,121,766,478
sonata_172.jpg,600,418,sonata,12,24,596,393
sonata_173.jpg,400,400,sonata,35,250,340,386
sonata_174.jpg,630,330,sonata,31,44,598,298
sonata_175.jpg,720,540,sonata,89,152,635,408
sonata_18.jpg,600,350,sonata,20,79,572,346
sonata_19.jpg,640,426,sonata,67,149,610,387
sonata_2.jpg,875,492,sonata,107,101,768,365
sonata_20.jpg,1075,375,sonata,226,73,927,373
sonata_21.jpg,1139,643,sonata,196,179,927,489
sonata_22.jpg,840,560,sonata,166,189,787,462
sonata_23.jpg,800,450,sonata,88,102,719,368
sonata_24.jpg,480,270,sonata,46,72,444,199
sonata_25.jpg,840,560,sonata,171,193,795,463
sonata_26.jpg,480,360,sonata,56,53,422,321
sonata_27.jpg,1024,683,sonata,109,187,898,616
sonata_28.jpg,840,560,sonata,73,34,747,535
sonata_29.jpg,840,560,sonata,178,186,783,457
sonata_3.jpg,1200,600,sonata,115,51,1013,551
sonata_30.jpg,756,425,sonata,93,94,650,360
sonata_31.jpg,840,360,sonata,70,44,754,348
sonata_32.jpg,1000,562,sonata,65,108,937,509
sonata_33.jpg,1440,396,sonata,363,82,1078,329
sonata_34.jpg,1000,641,sonata,54,193,963,550
sonata_35.jpg,1000,750,sonata,56,63,924,679
sonata_36.jpg,600,326,sonata,43,90,564,313
sonata_37.jpg,1200,605,sonata,175,102,1049,541
sonata_38.jpg,911,591,sonata,76,95,853,544
sonata_39.jpg,500,261,sonata,16,15,488,235
sonata_4.jpg,1024,563,sonata,58,138,996,477
sonata_40.jpg,1200,420,sonata,17,53,640,344
sonata_41.jpg,1019,700,sonata,4,217,995,600
sonata_42.jpg,1075,350,sonata,127,63,764,291
sonata_43.jpg,1024,650,sonata,238,233,947,577
sonata_44.jpg,640,426,sonata,71,147,608,370
sonata_45.jpg,700,400,sonata,87,78,632,341
sonata_46.jpg,732,350,sonata,73,78,673,301
sonata_47.jpg,1440,409,sonata,323,102,1118,348
sonata_48.jpg,1250,572,sonata,228,134,1154,474
sonata_49.jpg,840,640,sonata,16,219,824,502
sonata_5.jpg,1024,683,sonata,9,7,1024,682
sonata_50.jpg,840,560,sonata,88,44,744,532
sonata_51.jpg,620,350,sonata,16,47,620,320
sonata_53.jpg,710,410,sonata,57,95,628,349
sonata_55.jpg,800,600,sonata,31,192,753,520
sonata_56.jpg,640,369,sonata,21,186,631,369
sonata_57.jpg,750,561,sonata,29,135,676,546
sonata_58.jpg,1264,560,sonata,18,12,1256,508
sonata_59.jpg,840,516,sonata,2,5,811,495
sonata_6.jpg,480,360,sonata,14,81,462,308
sonata_60.jpg,830,553,sonata,48,118,787,465
sonata_61.jpg,875,492,sonata,66,50,825,416
sonata_62.jpg,650,325,sonata,16,40,640,294
sonata_63.jpg,1200,630,sonata,116,72,1043,559
sonata_64.jpg,492,369,sonata,33,117,472,318
sonata_65.jpg,1000,707,sonata,30,153,996,556
sonata_66.jpg,1000,493,sonata,55,20,939,459
sonata_67.jpg,480,293,sonata,30,56,447,245
sonata_68.jpg,630,420,sonata,7,40,626,387
sonata_69.jpg,640,354,sonata,52,49,603,304
sonata_7.jpg,600,398,sonata,53,92,580,347
sonata_70.jpg,480,360,sonata,56,65,459,307
sonata_71.jpeg,800,535,sonata,19,108,737,427
sonata_73.jpg,600,338,sonata,73,23,525,326
sonata_74.jpg,840,560,sonata,55,199,779,441
sonata_75.jpg,1024,683,sonata,101,183,887,628
sonata_76.jpg,710,444,sonata,88,107,542,352
sonata_77.jpg,640,360,sonata,54,17,579,326
sonata_78.jpg,840,560,sonata,83,165,773,403
sonata_79.jpg,840,640,sonata,35,78,783,591
sonata_8.jpg,875,492,sonata,106,102,777,360
sonata_80.jpg,710,444,sonata,76,100,539,343
sonata_81.jpg,875,492,sonata,161,125,708,357
sonata_82.jpg,640,480,sonata,28,122,551,408
sonata_83.jpg,1140,641,sonata,58,42,1107,611
sonata_84.jpg,800,800,sonata,48,20,726,329
sonata_85.jpg,620,350,sonata,67,91,559,277
sonata_86.jpg,740,494,sonata,57,133,685,432
sonata_87.jpg,1198,605,sonata,121,116,1135,460
sonata_88.jpg,900,535,sonata,89,131,859,510
sonata_89.jpg,840,640,sonata,33,172,799,537
sonata_9.jpg,600,404,sonata,4,27,591,392
sonata_91.jpg,630,420,sonata,20,14,615,376
sonata_92.jpg,450,300,sonata,40,101,412,255
sonata_93.jpg,710,444,sonata,160,136,476,286
sonata_94.jpg,450,338,sonata,108,56,404,224
sonata_95.jpg,875,492,sonata,163,126,712,367
sonata_97.jpg,1000,562,sonata,68,83,935,479
sonata_98.jpg,640,354,sonata,52,44,615,298
sonata_99.jpg,644,360,sonata,19,102,606,338
